Workbook

Sheet 工作表1
A1: 工作案號： | D1: 工作施工日誌 | G1: 工作地點：
A2: 工作編號： | G2: 填報日期：
A3: 表報編號： | G3: 本日天氣：
A4: 工作名稱 | G4: 承攬廠商名稱 | I4: 弘翊機械工程有限公司
A5: 契約工期 | C5: 累計工期 | E5: 天 | F5: 剩餘工期 | G5: 天 | I5: 開工日期
A6: 契約變更次數 | C6: 次 | E6: 工期展延天數 | G6: 天 | I6: 預定完工日期
A7: 預定進度 | E7: 實際進度 | G7: 契約金額 | I7: 原契約：
A8: (%) | E8: (%) | I8: 變更後契約：
A9: 一、依施工計畫書執行按圖施工概況（含約定之重要施工項目及完成數量等）：
A10: 施工項目 | D10: 單位 | E10: 契約數量 | F10: 本日完成數量 | G10: 累計完成數量 | I10: 備註
A11: =IF(L11<>"",$M11&" "&$L11,"") | D11: =IF($N11="","",$N11) | E11: =IF($M11<>"",VLOOKUP($M11,[1]請款明細!$A$4:$E$155,5,FALSE),"") | F11: =IF($A11="","",IF(O11="","施工中",$O11))
A12: =IF(L12<>"",$M12&" "&$L12,"") | D12: =IF($N12="","",$N12) | E12: =IF($D12<>"",VLOOKUP($M12,[1]請款明細!$A$4:$E$155,5,FALSE),"") | F12: =IF($A12="","",IF(O12="","施工中",$O12))
A13: =IF(L13<>"",$M13&" "&$L13,"") | D13: =IF($N13="","",$N13) | E13: =IF($D13<>"",VLOOKUP($M13,[1]請款明細!$A$4:$E$155,5,FALSE),"") | F13: =IF($A13="","",IF(O13="","施工中",$O13))
A14: =IF(L14<>"",$M14&" "&$L14,"") | D14: =IF($N14="","",$N14) | E14: =IF($D14<>"",VLOOKUP($M14,[1]請款明細!$A$4:$E$155,5,FALSE),"") | F14: =IF($A14="","",IF(O14="","施工中",$O14))
A15: =IF(L15<>"",$M15&" "&$L15,"") | D15: =IF($N15="","",$N15) | E15: =IF($D15<>"",VLOOKUP($M15,[1]請款明細!$A$4:$E$155,5,FALSE),"") | F15: =IF($A15="","",IF(O15="","施工中",$O15))
A16: =IF(L16<>"",$M16&" "&$L16,"") | D16: =IF($N16="","",$N16) | E16: =IF($D16<>"",VLOOKUP($M16,[1]請款明細!$A$4:$E$155,5,FALSE),"") | F16: =IF($A16="","",IF(O16="","施工中",$O16))
A17: =IF(L17<>"",$M17&" "&$L17,"") | D17: =IF($N17="","",$N17) | E17: =IF($D17<>"",VLOOKUP($M17,[1]請款明細!$A$4:$E$155,5,FALSE),"") | F17: =IF($A17="","",IF(O17="","施工中",$O17))
A18: 營造業專業工作特定施工項目 | D18: N/A
A20: 二、工地材料管理概況（含約定之重要材料使用狀況及數量等）：
A21: 材料名稱 | D21: 單位 | E21: 設計數量 | F21: 本日使用數量 | G21: 累計使用數量 | I21: 備註
A24: 三、工地人員及機具管理（含約定之出工人數及機具使用情形及數量）：
A25: 工別 | C25: 本日人數 | D25: 累計人數 | F25: 機具名稱 | G25: 本日使用數量 | J25: 累計使用數量
A26: 施工人員 | C26: 6
A27: 工安人員 | C27: 1
A28: 四、本日施工項目是否有須依「營造業專業工程特定施工項目應置之技術士總類、比率或人數標準表」規定應設置技術士之專業工作：□有□無 （此項如勾選“有”，則應填寫後附「工作施工日誌之技術士簽章表」）
A29: 五、工地勞工安全衛生事項之督導、公共環境與安全之維護及其他工地行政事務：N/A
A30: 六、施工取樣試驗紀錄：N/A
A31: 七、通知分包廠商辦理事項：N/A
A32: 八、重要事項紀錄（含主辦機關及監造單位指示、工地遇緊急異常狀況及需解決施工技術問題之通報處理情形、施工要徑、進度落後原因及因應對策等）： N/A
A33: 九、本日是否須依營造業法第三十五條第三款請專任工作人員督察按圖施工：□是■否
A34: 十、本日是否須依營造業法第三十五條第三款請專任工作人員解決施工技術問題：□是■否
A35: 填表人簽名： | D35: 工地負責人簽名： | G35: 專任工作人員簽名：
A37: 註：1.本施工日誌應按日填報。
A38: 2.本日誌填寫一式二聯，第一聯：甲方存，第二聯：乙方存。
A39: 3.本工作依營造業法第三十條規定須置工地主任者，由工地主任簽名；依上開規定免置工地主任者，則由營造業法第三十二條第二項所定之人員簽名。廠商非屬營造業者，由工地負責人簽名。
A40: 4.第八項、第九項及第十項若須營造業專任工作人員到場，專任工作人員應簽名負責；廠商非屬營造業者免填。
A41: 5.契約工期如有修正，應填修正後之契約工期，含展延工期及不計工期天數；如有依契約變更設計，預定進度及實際進度應填變更設計後計算之進度。
A42: 6.公共工程屬建築物者，請依內政部96年6月6日台內營字第0960802950號令頒之「建築物施工日誌」填寫。
